w,b,error
0.7370702973591052,0.014547010110737297,1484.586557408649
1.1067954543515157,0.02187396295959641,457.8542575737673
1.2922546649131115,0.025579224321293136,199.50998572553894
1.385283255651245,0.027467789559144355,134.50591058200533
1.4319472323843205,0.028445071981738963,118.14969342239947
1.4553540088980408,0.02896524076647862,114.0341490603815
1.4670946177201354,0.0292561141260467,112.99857731713661
1.4729832982243762,0.02943196916380713,112.7379818756847
1.4759365618962286,0.029550129024383073,112.67238435909097
1.4774173755483797,0.02963934787473239,112.65585181499746
1.4781595857319891,0.029714049245227046,112.65166489759584
1.4785313011122556,0.029781468199526522,112.65058436150113
1.4787171706313593,0.02984523395633242,112.65028544701505
1.4788098170256598,0.02990716698731024,112.6501832029397
1.4788557012777626,0.029968180468920396,112.65013044507197
1.4788781289278565,0.0300287324644578,112.65009013922885
1.4788887903917065,0.030089052745485803,112.65005296694635
1.4788935497608395,0.030149256568940068,112.65001658353181
1.4788953485533445,0.030209401749465813,112.64998039901862
1.478895662279729,0.030269517287775917,112.64994426496074
1.4788952310786534,0.030329617731073667,112.64990814400619
1.4788944262150017,0.030389710376460655,112.64987202675677
1.4788934339209234,0.030449798884276465,112.64983591084761
1.4788923476133158,0.030509885090605173,112.6497997956837
1.4788912141515247,0.030569969916456375,112.64976368111527
1.4788900570409158,0.030630053823824287,112.64972756710466
1.4788888880721398,0.030690137044453985,112.64969145364233
1.478887713159568,0.030750219694594055,112.6496553407261
1.4788865352699392,0.030810301832558274,112.64961922835515
1.4788853558914152,0.03087038348759943,112.64958311652931
1.4788841757704807,0.030930464674392876,112.64954700524882
1.4788829952815838,0.030990545400301696,112.64951089451318
1.4788818146125533,0.03105062566902104,112.64947478432276
1.478880633857607,0.031110705482406145,112.64943867467751
1.4788794530640061,0.031170784841389344,112.64940256557722
1.4788782722554572,0.031230863746440008,112.64936645702217
1.478877091443852,0.03129094219779529,112.64933034901209
1.4788759106351557,0.031351020195575854,112.64929424154703
1.4788747298323603,0.031411097739843935,112.64925813462713
1.4788735490369667,0.03147117483063245,112.64922202825228
1.4788723682497276,0.031531251467959626,112.6491859224223
1.4788711874710208,0.0315913276518363,112.64914981713753
1.4788700067010354,0.03165140338226963,112.64911371239778
1.4788688259398666,0.031711478659264894,112.64907760820297
1.478867645187562,0.03177155348282646,112.64904150455321
1.4788664644441452,0.03183162785295821,112.64900540144839
1.4788652837096283,0.03189170176966381,112.64896929888867
1.4788641029840173,0.0319517752329468,112.64893319687393
1.478862922267315,0.03201184824281067,112.64889709540407
1.4788617415595229,0.03207192079925886,112.64886099447925
1.4788605608606418,0.032131992902294806,112.64882489409928
1.478859380170672,0.032192064551921945,112.64878879426435
1.4788581994896135,0.032252135748143694,112.6487526949743
1.4788570188174663,0.03231220649096349,112.64871659622933
1.4788558381542305,0.03237227678038474,112.6486804980292
1.478854657499906,0.03243234661641088,112.64864440037395
1.4788534768544928,0.03249241599904533,112.64860830326369
1.4788522962179906,0.032552484928291506,112.64857220669826
1.4788511155903998,0.03261255340415284,112.64853611067775
1.4788499349717201,0.03267262142663274,112.64850001520203
1.4788487543619513,0.03273268899573464,112.64846392027134
1.4788475737610933,0.032792756111461964,112.64842782588546
1.4788463931691462,0.032852822773818124,112.64839173204442
1.47884521258611,0.032912888982806546,112.64835563874827
1.4788440320119847,0.032972954738430656,112.64831954599687
1.47884285144677,0.03303302004069387,112.64828345379041
1.4788416708904657,0.03309308488959961,112.6482473621288
1.478840490343072,0.033153149285151305,112.64821127101195
1.4788393098045889,0.033213213227352364,112.64817518043988
1.4788381292750161,0.033273276716206224,112.64813909041263
1.4788369487543538,0.0333333397517163,112.64810300093023
1.4788357682426014,0.033393402333886005,112.64806691199259
1.4788345877397595,0.033453464462718775,112.64803082359973
1.4788334072458276,0.03351352613821802,112.6479947357516
1.4788322267608058,0.03357358736038717,112.64795864844824
1.478831046284694,0.03363364812922964,112.64792256168965
1.4788298658174923,0.03369370844474886,112.64788647547576
1.4788286853592003,0.03375376830694824,112.64785038980665
1.478827504909818,0.03381382771583121,112.64781430468229
1.4788263244693456,0.03387388667140119,112.64777822010262
1.4788251440377829,0.033933945173661606,112.64774213606768
1.4788239636151297,0.03399400322261587,112.64770605257742
1.478822783201386,0.03405406081826741,112.64766996963193
1.4788216027965517,0.034114117960619646,112.64763388723102
1.478820422400627,0.034174174649676,112.6475978053749
1.4788192420136113,0.03423423088543989,112.64756172406332
1.478818061635505,0.034294286667914745,112.64752564329652
1.478816881266308,0.03435434199710398,112.6474895630743
1.47881570090602,0.03441439687301101,112.6474534833968
1.4788145205546412,0.034474451295639266,112.64741740426382
1.4788133402121713,0.03453450526499217,112.64738132567561
1.4788121598786104,0.034594558781073134,112.64734524763193
1.4788109795539583,0.03465461184388559,112.64730917013289
1.478809799238215,0.03471466445343295,112.64727309317841
1.4788086189313803,0.03477471660971864,112.64723701676857
1.4788074386334544,0.03483476831274608,112.6472009409034
1.478806258344437,0.03489481956251869,112.64716486558272
1.478805078064328,0.0349548703590399,112.64712879080662
1.4788038977931277,0.03501492070231312,112.64709271657507
1.4788027175308358,0.03507497059234178,112.64705664288809
1.4788015372774521,0.035135020029129285,112.64702056974568
1.4788003570329766,0.03519506901267907,112.64698449714773
1.4787991767974094,0.035255117542994555,112.64694842509438
1.4787979965707503,0.03531516562007916,112.64691235358552
1.4787968163529992,0.0353752132439363,112.64687628262124
1.478795636144156,0.035435260414569396,112.64684021220145
1.4787944559442208,0.03549530713198188,112.6468041423261
1.4787932757531934,0.035555353396177165,112.64676807299533
1.4787920955710738,0.03561539920715867,112.64673200420897
1.478790915397862,0.03567544456492982,112.64669593596709
1.4787897352335577,0.035735489469494036,112.64665986826967
1.4787885550781612,0.03579553392085474,112.64662380111675
1.478787374931672,0.03585557791901534,112.64658773450829
1.4787861947940903,0.03591562146397927,112.6465516684441
1.478785014665416,0.03597566455574995,112.64651560292452
1.478783834545649,0.036035707194330795,112.64647953794936
1.4787826544347893,0.03609574937972523,112.64644347351859
1.4787814743328367,0.03615579111193667,112.64640740963219
1.4787802942397912,0.03621583239096853,112.64637134629021
1.4787791141556528,0.036275873216824246,112.6463352834926
1.4787779340804212,0.03633591358950723,112.64629922123945
1.4787767540140966,0.03639595350902091,112.64626315953065
1.4787755739566788,0.036455992975368695,112.64622709836617
1.478774393908168,0.036516031988554014,112.64619103774604
1.4787732138685636,0.03657607054858028,112.64615497767028
1.478772033837866,0.03663610865545092,112.64611891813887
1.4787708538160749,0.036696146309169356,112.64608285915183
1.4787696738031904,0.036756183509739,112.64604680070912
1.4787684937992123,0.036816220257163274,112.64601074281069
1.4787673138041404,0.0368762565514456,112.64597468545651
1.478766133817975,0.0369362923925894,112.64593862864669
1.4787649538407157,0.036996327780598096,112.64590257238123
1.4787637738723627,0.037056362715475105,112.64586651665992
1.4787625939129156,0.037116397197223844,112.64583046148299
1.4787614139623748,0.03717643122584774,112.64579440685031
1.4787602340207397,0.037236464801350205,112.64575835276186
1.4787590540880107,0.03729649792373467,112.64572229921764
1.4787578741641874,0.03735653059300455,112.64568624621779
1.47875669424927,0.03741656280916326,112.645650193762
1.4787555143432582,0.037476594572214215,112.64561414185059
1.478754334446152,0.03753662588216085,112.6455780904833
1.4787531545579515,0.03759665673900658,112.64554203966023
1.4787519746786564,0.037656687142754816,112.64550598938142
1.4787507948082665,0.03771671709340899,112.64546993964676
1.4787496149467823,0.03777674659097252,112.64543389045627
1.4787484350942033,0.03783677563544882,112.64539784181001
1.4787472552505294,0.037896804226841316,112.64536179370792
1.4787460754157609,0.037956832365153424,112.64532574614992
1.4787448955898972,0.03801686005038856,112.6452896991361
1.4787437157729386,0.03807688728255015,112.64525365266653
1.4787425359648851,0.03813691406164161,112.64521760674101
1.4787413561657365,0.03819694038766636,112.64518156135962
1.4787401763754926,0.03825696626062782,112.64514551652229
1.4787389965941535,0.03831699168052941,112.64510947222911
1.4787378168217191,0.03837701664737455,112.64507342848009
1.4787366370581894,0.03843704116116666,112.64503738527512
1.478735457303564,0.03849706522190916,112.64500134261426
1.4787342775578434,0.03855708882960547,112.64496530049745
1.478733097821027,0.038617111984259,112.64492925892475
1.4787319180931149,0.03867713468587319,112.64489321789611
1.478730738374107,0.038737156934451435,112.64485717741151
1.4787295586640037,0.038797178729997175,112.64482113747094
1.4787283789628043,0.038857200072513816,112.64478509807446
1.478727199270509,0.038917220962004784,112.644749059222
1.4787260195871177,0.03897724139847349,112.64471302091347
1.4787248399126305,0.03903726138192337,112.64467698314903
1.478723660247047,0.039097280912357826,112.64464094592863
1.4787224805903674,0.039157299989780285,112.64460490925214
1.4787213009425915,0.03921731861419416,112.64456887311977
1.4787201213037193,0.039277336785602884,112.6445328375312
1.4787189416737507,0.03933735450400987,112.64449680248669
1.4787177620526857,0.03939737176941852,112.6444607679862
1.478716582440524,0.03945738858183228,112.64442473402961
1.4787154028372658,0.03951740494125455,112.64438870061689
1.4787142232429111,0.03957742084768876,112.64435266774825
1.4787130436574596,0.03963743630113833,112.64431663542345
1.4787118640809112,0.039697451301606665,112.64428060364267
1.478710684513266,0.039757465849097194,112.6442445724057
1.478709504954524,0.039817479943613336,112.6442085417127
1.4787083254046849,0.03987749358515851,112.64417251156355
1.4787071458637486,0.039937506773736135,112.6441364819583
1.4787059663317152,0.03999751950934963,112.64410045289705
1.4787047868085847,0.04005753179200241,112.64406442437956
1.478703607294357,0.04011754362169789,112.64402839640596
1.4787024277890317,0.0401775549984395,112.64399236897627
1.4787012482926094,0.04023756592223066,112.64395634209028
1.4787000688050895,0.04029757639307478,112.64392031574826
1.478698889326472,0.04035758641097528,112.64388428994998
1.4786977098567569,0.04041759597593558,112.6438482646956
1.478696530395944,0.040477605087959105,112.64381223998498
1.4786953509440337,0.04053761374704926,112.64377621581824
1.4786941715010253,0.04059762195320948,112.64374019219524
1.4786929920669192,0.04065762970644317,112.64370416911612
1.4786918126417152,0.04071763700675375,112.64366814658071
1.4786906332254133,0.040777643854144646,112.64363212458908
1.478689453818013,0.04083765024861927,112.64359610314125
1.4786882744195147,0.040897656190181035,112.64356008223712
1.4786870950299182,0.04095766167883337,112.6435240618768
1.4786859156492236,0.041017666714579695,112.64348804206018
1.4786847362774305,0.04107767129742342,112.64345202278727
1.478683556914539,0.04113767542736797,112.64341600405817
1.4786823775605489,0.04119767910441677,112.64337998587274
1.4786811982154604,0.04125768232857322,112.64334396823098
1.4786800188792733,0.04131768509984075,112.64330795113297
1.4786788395519874,0.04137768741822277,112.64327193457875
1.478677660233603,0.04143768928372271,112.64323591856807
1.4786764809241195,0.04149769069634398,112.64319990310118
1.4786753016235372,0.04155769165609,112.64316388817782
1.478674122331856,0.041617692162964195,112.64312787379822
1.478672943049076,0.04167769221696998,112.64309185996225
1.4786717637751967,0.04173769181811077,112.64305584666988
1.4786705845102184,0.04179769096638997,112.64301983392119
1.4786694052541407,0.04185768966181102,112.64298382171619
1.478668226006964,0.041917687904377325,112.64294781005468
1.4786670467686878,0.04197768569409231,112.64291179893682
1.478665867539312,0.042037683030959394,112.64287578836257
1.478664688318837,0.042097679914981985,112.64283977833193
1.4786635091072622,0.042157676346163506,112.64280376884493
1.478662329904588,0.04221767232450738,112.64276775990143
1.478661150710814,0.04227766785001702,112.6427317515016
1.4786599715259403,0.04233766292269585,112.64269574364528
1.4786587923499668,0.042397657542547276,112.64265973633246
1.4786576131828935,0.042457651709574724,112.64262372956311
1.4786564340247201,0.042517645423781614,112.64258772333754
1.4786552548754468,0.04257763868517136,112.64255171765535
1.4786540757350732,0.04263763149374737,112.64251571251665
1.4786528966035997,0.04269762384951308,112.64247970792154
1.4786517174810259,0.0427576157524719,112.6424437038699
1.4786505383673516,0.04281760720262725,112.64240770036173
1.4786493592625773,0.04287759819998254,112.64237169739714
1.4786481801667024,0.04293758874454119,112.642335694976
1.478647001079727,0.04299757883630662,112.64229969309832
1.4786458220016512,0.043057568475282255,112.64226369176401
1.4786446429324747,0.0431175576614715,112.64222769097329
1.4786434638721973,0.04317754639487778,112.64219169072588
1.4786422848208194,0.04323753467550451,112.64215569102208
1.4786411057783406,0.043297522503355106,112.64211969186155
1.478639926744761,0.04335750987843299,112.64208369324453
1.4786387477200802,0.04341749680074157,112.6420476951709
1.4786375687042985,0.04347748327028427,112.64201169764074
1.4786363896974157,0.04353746928706451,112.64197570065392
1.4786352106994318,0.04359745485108571,112.64193970421047
1.4786340317103466,0.043657439962351274,112.64190370831044
1.4786328527301602,0.04371742462086463,112.64186771295375
1.4786316737588723,0.043777408826629186,112.64183171814044
1.478630494796483,0.043837392579648374,112.64179572387053
1.4786293158429924,0.0438973758799256,112.64175973014389
1.4786281368984002,0.043957358727464285,112.64172373696064
1.4786269579627063,0.04401734112226784,112.64168774432073
1.4786257790359105,0.044077323064339695,112.64165175222413
1.478624600118013,0.044137304553683254,112.64161576067083
1.478623421209014,0.04419728559030194,112.64157976966094
1.4786222423089128,0.04425726617419917,112.64154377919417
1.4786210634177097,0.044317246305378366,112.64150778927082
1.4786198845354046,0.04437722598384293,112.64147179989075
1.4786187056619975,0.04443720520959629,112.6414358110539
1.4786175267974881,0.044497183982641866,112.64139982276036
1.4786163479418766,0.04455716230298307,112.64136383501001
1.4786151690951626,0.044617140170623314,112.64132784780297
1.4786139902573463,0.04467711758556602,112.64129186113917
1.4786128114284276,0.04473709454781461,112.6412558750186
1.4786116326084064,0.044797071057372496,112.6412198894413
1.4786104537972826,0.04485704711424309,112.64118390440706
1.4786092749950561,0.044917022718429817,112.64114791991621
1.478608096201727,0.044976997869936086,112.64111193596845
1.478606917417295,0.04503697256876532,112.64107595256394
1.4786057386417604,0.045096946814920935,112.64103996970258
1.4786045598751227,0.04515692060840634,112.64100398738451
1.4786033811173822,0.045216893949224964,112.64096800560942
1.4786022023685386,0.04527686683738021,112.64093202437762
1.4786010236285918,0.04533683927287551,112.64089604368888
1.4785998448975417,0.04539681125571427,112.64086006354336
1.4785986661753885,0.04545678278589991,112.64082408394097
1.478597487462132,0.045516753863435844,112.64078810488174
1.478596308757772,0.04557672448832549,112.64075212636556
1.4785951300623088,0.04563669466057227,112.6407161483925
1.478593951375742,0.04569666438017959,112.64068017096251
1.4785927726980717,0.04575663364715087,112.64064419407566
1.4785915940292977,0.04581660246148953,112.64060821773191
1.47859041536942,0.04587657082319899,112.64057224193124
1.4785892367184386,0.04593653873228265,112.64053626667368
1.4785880580763533,0.04599650618874394,112.64050029195907
1.478586879443164,0.04605647319258627,112.64046431778758
1.4785857008188705,0.046116439743813055,112.64042834415913
1.4785845222034733,0.04617640584242772,112.64039237107367
1.4785833435969717,0.04623637148843368,112.64035639853135
1.4785821649993662,0.046296336681834346,112.64032042653194
1.4785809864106565,0.04635630142263314,112.64028445507563
1.4785798078308423,0.04641626571083347,112.64024848416226
1.4785786292599237,0.046476229546438756,112.64021251379188
1.4785774506979008,0.046536192929452415,112.64017654396457
1.4785762721447733,0.046596155859877864,112.64014057468017
1.4785750936005413,0.046656118337718516,112.64010460593882
1.4785739150652044,0.04671608036297779,112.64006863774037
1.4785727365387629,0.046776041935659096,112.64003267008484
1.4785715580212166,0.04683600305576586,112.63999670297227
1.4785703795125655,0.04689596372330149,112.63996073640263
1.4785692010128095,0.0469559239382694,112.63992477037594
1.4785680225219486,0.047015883700673014,112.63988880489222
1.4785668440399826,0.04707584301051574,112.63985283995136
1.4785656655669115,0.047135801867801,112.63981687555349
1.478564487102735,0.04719576027253221,112.63978091169842
1.4785633086474534,0.04725571822471278,112.63974494838631
1.4785621302010665,0.047315675724346126,112.63970898561703
1.478560951763574,0.047375632771435666,112.6396730233907
1.4785597733349762,0.04743558936598482,112.63963706170709
1.4785585949152729,0.047495545507997,112.6396011005665
1.478557416504464,0.04755550119747562,112.63956513996865
1.4785562381025494,0.0476154564344241,112.6395291799137
1.4785550597095292,0.04767541121884585,112.6394932204015
1.478553881325403,0.04773536555074429,112.63945726143221
1.4785527029501713,0.047795319430122836,112.6394213030057
1.4785515245838334,0.0478552728569849,112.63938534512198
1.4785503462263896,0.047915225831333896,112.63934938778108
1.4785491678778397,0.04797517835317324,112.63931343098295
1.4785479895381837,0.04803513042250635,112.63927747472763
1.4785468112074214,0.04809508203933664,112.6392415190151
1.4785456328855529,0.048155033203667534,112.6392055638453
1.4785444545725779,0.048214983915502434,112.63916960921831
1.4785432762684967,0.04827493417484476,112.639133655134
1.478542097973309,0.04833488398169793,112.63909770159255
1.478540919687015,0.04839483333606536,112.63906174859375
1.4785397414096142,0.04845478223795047,112.63902579613763
1.4785385631411065,0.04851473068735666,112.63898984422433
1.4785373848814922,0.04857467868428735,112.63895389285366
1.4785362066307712,0.04863462622874597,112.63891794202573
1.4785350283889434,0.048694573320735915,112.63888199174049
1.4785338501560086,0.04875451996026061,112.63884604199795
1.478532671931967,0.048814466147323474,112.63881009279805
1.478531493716818,0.04887441188192791,112.63877414414088
1.478530315510562,0.04893435716407735,112.63873819602628
1.4785291373131988,0.048994301993775184,112.63870224845441
1.4785279591247282,0.049054246371024846,112.63866630142515
1.4785267809451503,0.04911419029582975,112.63863035493853
1.478525602774465,0.04917413376819331,112.63859440899445
1.4785244246126725,0.04923407678811894,112.63855846359314
1.4785232464597722,0.04929401935561005,112.63852251873446
1.4785220683157643,0.04935396147067006,112.63848657441818
1.4785208901806488,0.049413903133302385,112.6384506306446
1.4785197120544256,0.04947384434351044,112.63841468741363
1.4785185339370945,0.049533785101297634,112.63837874472517
1.4785173558286555,0.049593725406667385,112.63834280257946
1.4785161777291087,0.04965366525962311,112.63830686097613
1.478514999638454,0.04971360466016822,112.63827091991541
1.4785138215566909,0.04977354360830613,112.63823497939728
1.4785126434838198,0.04983348210404026,112.63819903942164
1.4785114654198406,0.049893420147374024,112.6381630999885
1.478510287364753,0.049953357738310826,112.63812716109791
1.478509109318557,0.05001329487685409,112.63809122274986
1.4785079312812528,0.050073231563007234,112.63805528494437
1.47850675325284,0.05013316779677366,112.63801934768121
1.4785055752333185,0.050193103578156796,112.63798341096066
1.4785043972226886,0.05025303890716005,112.63794747478259
1.47850321922095,0.05031297378378683,112.6379115391469
1.4785020412281025,0.050372908208040565,112.63787560405378
1.4785008632441463,0.05043284217992466,112.63783966950305
1.4784996852690813,0.05049277569944253,112.63780373549474
1.4784985073029073,0.050552708766597586,112.63776780202903
1.4784973293456243,0.05061264138139325,112.63773186910554
1.4784961513972321,0.050672573543832936,112.63769593672463
1.4784949734577308,0.05073250525392005,112.63766000488606
1.4784937955271205,0.05079243651165801,112.6376240735899
1.4784926176054007,0.050852367317050236,112.63758814283621
1.4784914396925715,0.05091229767010014,112.63755221262478
1.4784902617886329,0.05097222757081113,112.63751628295586
1.478489083893585,0.051032157019186626,112.63748035382919
1.4784879060074272,0.05109208601523004,112.637444425245
1.4784867281301601,0.05115201455894479,112.63740849720321
1.4784855502617833,0.05121194265033428,112.6373725697036
1.4784843724022967,0.05127187028940194,112.63733664274642
1.4784831945517003,0.051331797476151166,112.63730071633161
1.478482016709994,0.05139172421058538,112.637264790459
1.4784808388771775,0.051451650492708,112.63722886512888
1.4784796610532513,0.051511576322522436,112.637192940341
1.478478483238215,0.0515715017000321,112.63715701609536
1.4784773054320683,0.05163142662524041,112.63712109239196
1.4784761276348117,0.051691351098150776,112.63708516923096
1.4784749498464447,0.051751275118766614,112.63704924661226
1.4784737720669672,0.05181119868709134,112.63701332453574
1.4784725942963794,0.05187112180312836,112.63697740300158
1.478471416534681,0.0519310444668811,112.63694148200952
1.4784702387818722,0.051990966678352964,112.63690556155979
1.4784690610379527,0.05205088843754737,112.63686964165234
1.4784678833029226,0.052110809744467725,112.63683372228705
1.4784667055767815,0.05217073059911745,112.63679780346398
1.4784655278595298,0.052230651001499956,112.63676188518315
1.4784643501511672,0.05229057095161866,112.63672596744448
1.4784631724516935,0.05235049044947697,112.63669005024799
1.4784619947611088,0.0524104094950783,112.63665413359378
1.478460817079413,0.05247032808842607,112.6366182174817
1.478459639406606,0.05253024622952369,112.63658230191177
1.478458461742688,0.052590163918374566,112.63654638688398
1.4784572840876584,0.05265008115498212,112.63651047239836
1.4784561064415176,0.052709997939349766,112.6364745584549
1.4784549288042654,0.052769914271480915,112.6364386450536
1.4784537511759017,0.05282983015137898,112.63640273219437
1.4784525735564265,0.052889745579047374,112.63636681987735
1.4784513959458394,0.05294966055448951,112.6363309081024
1.4784502183441408,0.05300957507770881,112.63629499686957
1.4784490407513304,0.053069489148708675,112.63625908617881
1.4784478631674083,0.05312940276749252,112.63622317603011
1.4784466855923741,0.053189315934063765,112.63618726642349
1.478445508026228,0.053249228648425816,112.636151357359
1.4784443304689698,0.05330914091058209,112.63611544883658
1.4784431529205997,0.053369052720536,112.63607954085612
1.4784419753811173,0.05342896407829096,112.63604363341773
1.4784407978505227,0.05348887498385038,112.63600772652146
1.4784396203288157,0.05354878543721767,112.63597182016707
1.4784384428159965,0.053608695438396255,112.63593591435489
1.4784372653120648,0.05366860498738954,112.63590000908457
1.4784360878170206,0.053728514084200936,112.63586410435632
1.4784349103308638,0.05378842272883386,112.6358282001701
1.4784337328535944,0.053848330921291716,112.63579229652579
1.4784325553852122,0.05390823866157793,112.63575639342355
1.4784313779257174,0.05396814594969591,112.6357204908632
1.4784302004751098,0.05402805278564907,112.63568458884491
1.478429023033389,0.054087959169440814,112.63564868736849
1.4784278456005553,0.05414786510107457,112.63561278643405
1.4784266681766087,0.05420777058055374,112.63557688604158
1.478425490761549,0.05426767560788174,112.63554098619096
1.478424313355376,0.054327580183061976,112.63550508688235
1.47842313595809,0.05438748430609787,112.63546918811556
1.4784219585696903,0.05444738797699283,112.63543328989077
1.4784207811901775,0.05450729119575027,112.63539739220785
1.4784196038195512,0.054567193962373604,112.63536149506677
1.4784184264578113,0.054627096276866245,112.63532559846759
1.4784172491049579,0.054686998139231606,112.63528970241039
1.4784160717609909,0.054746899549473094,112.63525380689492
1.4784148944259101,0.05480680050759412,112.63521791192143
1.4784137170997156,0.05486670101359811,112.63518201748965
1.4784125397824073,0.054926601067488465,112.63514612359984
1.478411362473985,0.0549865006692686,112.63511023025177
1.4784101851744487,0.055046399818941924,112.63507433744559
1.4784090078837984,0.05510629851651186,112.63503844518124
1.478407830602034,0.05516619676198181,112.6350025534586
1.4784066533291553,0.05522609455535519,112.63496666227783
1.4784054760651626,0.05528599189663541,112.63493077163886
1.4784042988100554,0.055345888785825886,112.63489488154171
1.478403121563834,0.05540578522293003,112.63485899198623
1.478401944326498,0.05546568120795125,112.6348231029726
1.4784007670980475,0.05552557674089296,112.63478721450073
1.4783995898784823,0.055585471821758575,112.63475132657057
1.4783984126678027,0.05564536645055151,112.63471543918219
1.4783972354660082,0.05570526062727516,112.63467955233558
1.4783960582730988,0.05576515435193296,112.63464366603056
1.4783948810890748,0.05582504762452831,112.63460778026733
1.4783937039139359,0.05588494044506462,112.63457189504587
1.4783925267476818,0.05594483281354531,112.63453601036606
1.4783913495903127,0.05600472472997378,112.63450012622799
1.4783901724418287,0.05606461619435346,112.63446424263152
1.4783889953022293,0.05612450720668775,112.63442835957675
1.4783878181715147,0.05618439776698006,112.6343924770637
1.4783866410496849,0.056244287875233806,112.6343565950923
1.4783854639367395,0.0563041775314524,112.63432071366255
1.4783842868326786,0.056364066735639255,112.63428483277437
1.4783831097375024,0.05642395548779778,112.63424895242791
1.4783819326512107,0.056483843787931386,112.6342130726231
1.478380755573803,0.05654373163604349,112.63417719335992
1.47837957850528,0.056603619032137495,112.63414131463827
1.478378401445641,0.05666350597621682,112.63410543645823
1.478377224394886,0.056723392468284874,112.63406955881985
1.4783760473530152,0.056783278508345074,112.63403368172308
1.4783748703200283,0.056843164096400826,112.63399780516784
1.4783736932959255,0.056903049232455545,112.6339619291541
1.4783725162807064,0.05696293391651264,112.633926053682
1.4783713392743714,0.057022818148575516,112.6338901787515
1.4783701622769199,0.057082701928647596,112.6338543043625
1.4783689852883521,0.057142585256732284,112.63381843051498
1.478367808308668,0.057202468132832994,112.63378255720914
1.4783666313378674,0.05726235055695314,112.6337466844447
1.4783654543759503,0.05732223252909613,112.63371081222179
1.4783642774229167,0.057382114049265374,112.63367494054046
1.4783631004787663,0.05744199511746429,112.63363906940049
1.4783619235434993,0.057501875733696285,112.63360319880212
1.4783607466171154,0.05756175589796477,112.63356732874519
1.4783595696996146,0.057621635610273156,112.6335314592297
1.478358392790997,0.05768151487062485,112.6334955902558
1.4783572158912621,0.05774139367902328,112.63345972182331
1.4783560390004102,0.057801272035471835,112.6334238539322
1.4783548621184412,0.05786114993997394,112.6333879865826
1.4783536852453554,0.057921027392533006,112.63335211977441
1.478352508381152,0.05798090439315244,112.63331625350764
1.4783513315258314,0.05804078094183566,112.63328038778222
1.4783501546793933,0.058100657038586065,112.6332445225983
1.4783489778418377,0.058160532683407075,112.63320865795575
1.4783478010131645,0.0582204078763021,112.63317279385461
1.4783466241933738,0.058280282617274554,112.63313693029484
1.4783454473824655,0.058340156906327836,112.6331010672764
1.4783442705804395,0.05840003074346537,112.63306520479948
1.4783430937872957,0.05845990412869056,112.63302934286374
1.4783419170030339,0.05851977706200681,112.63299348146946
1.4783407402276543,0.05857964954341755,112.63295762061645
1.4783395634611565,0.05863952157292618,112.6329217603048
1.4783383867035407,0.05869939315053611,112.63288590053456
1.4783372099548069,0.05875926427625075,112.63285004130556
1.4783360332149549,0.058819134950073515,112.63281418261776
1.4783348564839844,0.05887900517200781,112.63277832447147
1.4783336797618958,0.05893887494205705,112.63274246686646
1.4783325030486887,0.058998744260224646,112.6327066098026
1.4783313263443632,0.059058613126514004,112.63267075328005
1.478330149648919,0.05911848154092854,112.63263489729884
1.478328972962356,0.05917834950347166,112.63259904185881
1.4783277962846748,0.059238217014146784,112.63256318696007
1.4783266196158746,0.059298084072957315,112.63252733260256
1.4783254429559558,0.059357950679906665,112.63249147878636
1.4783242663049179,0.05941781683499824,112.63245562551135
1.4783230896627613,0.05947768253823546,112.6324197727775
1.4783219130294856,0.059537547789621725,112.63238392058496
1.4783207364050908,0.05959741258916045,112.63234806893354
1.4783195597895769,0.05965727693685505,112.63231221782338
1.4783183831829436,0.059717140832708925,112.63227636725435
1.478317206585191,0.0597770042767255,112.63224051722653
1.4783160299963192,0.059836867268908175,112.63220466773986
1.478314853416328,0.05989672980926036,112.6321688187944
1.4783136768452172,0.059956591897785474,112.63213297039009
1.478312500282987,0.06001645353448692,112.63209712252687
1.4783113237296372,0.060076314719368105,112.63206127520485
1.4783101471851678,0.060136175452432446,112.6320254284239
1.4783089706495787,0.060196035733683345,112.63198958218415
1.4783077941228695,0.06025589556312422,112.63195373648541
1.4783066176050406,0.06031575494075848,112.63191789132783
1.4783054410960916,0.06037561386658953,112.63188204671144
1.4783042645960227,0.06043547234062079,112.63184620263604
1.4783030881048338,0.06049533036285567,112.6318103591017
1.4783019116225247,0.06055518793329757,112.63177451610842
1.4783007351490953,0.0606150450519499,112.63173867365639
1.4782995586845458,0.06067490171881608,112.63170283174517
1.4782983822288758,0.06073475793389951,112.63166699037512
1.4782972057820853,0.0607946136972036,112.63163114954608
1.4782960293441745,0.06085446900873177,112.63159530925806
1.478294852915143,0.06091432386848742,112.63155946951116
1.478293676494991,0.060974178276473966,112.63152363030525
1.4782925000837184,0.06103403223269482,112.63148779164025
1.4782913236813249,0.06109388573715338,112.6314519535163
1.4782901472878105,0.06115373878985307,112.63141611593345
1.4782889709031752,0.061213591390797295,112.63138027889144
1.478287794527419,0.06127344353998946,112.63134444239046
1.478286618160542,0.06133329523743298,112.63130860643038
1.478285441802544,0.06139314648313126,112.63127277101137
1.4782842654534245,0.06145299727708771,112.63123693613325
1.478283089113184,0.06151284761930574,112.63120110179608
1.478281912781822,0.06157269750978876,112.63116526799992
1.4782807364593389,0.06163254694854019,112.63112943474458
1.4782795601457341,0.06169239593556342,112.63109360203019
1.478278383841008,0.061752244470861875,112.63105776985664
1.4782772075451602,0.06181209255443896,112.63102193822411
1.478276031258191,0.06187194018629808,112.6309861071324
1.4782748549801001,0.06193178736644265,112.63095027658164
1.4782736787108872,0.061991634094876076,112.63091444657174
1.4782725024505525,0.06205148037160177,112.63087861710272
1.478271326199096,0.06211132619662314,112.63084278817455
1.4782701499565176,0.062171171569943603,112.63080695978715
1.4782689737228172,0.06223101649156656,112.6307711319407
1.4782677974979948,0.062290860961495415,112.63073530463502
1.47826662128205,0.062350704979733586,112.63069947787024
1.478265445074983,0.06241054854628448,112.63066365164622
1.478264268876794,0.06247039166115151,112.630627825963
1.4782630926874825,0.06253023432433807,112.63059200082068
1.4782619165070483,0.0625900765358476,112.63055617621909
1.478260740335492,0.06264991829568348,112.63052035215821
1.4782595641728127,0.06270975960384913,112.63048452863819
1.478258388019011,0.06276960046034795,112.63044870565898
1.4782572118740867,0.06282944086518337,112.63041288322057
1.4782560357380397,0.06288928081835878,112.63037706132275
1.4782548596108698,0.0629491203198776,112.63034123996574
1.478253683492577,0.06300895936974323,112.6303054191495
1.4782525073831612,0.06306879796795907,112.63026959887401
1.4782513312826222,0.06312863611452856,112.63023377913917
1.4782501551909604,0.06318847380945508,112.63019795994518
1.4782489791081752,0.06324831105274205,112.63016214129183
1.478247803034267,0.06330814784439288,112.6301263231791
1.4782466269692351,0.06336798418441097,112.63009050560706
1.4782454509130802,0.06342782007279975,112.63005468857583
1.4782442748658018,0.0634876555095626,112.63001887208512
1.4782430988274,0.06354749049470296,112.62998305613517
1.4782419227978745,0.06360732502822421,112.62994724072587
1.4782407467772254,0.06366715911012977,112.62991142585724
1.4782395707654525,0.06372699274042305,112.6298756115292
1.478238394762556,0.06378682591910746,112.62983979774187
1.4782372187685355,0.06384665864618641,112.62980398449507
1.4782360427833914,0.06390649092166331,112.62976817178891
1.478234866807123,0.06396632274554157,112.62973235962338
1.4782336908397307,0.06402615411782459,112.62969654799844
1.4782325148812143,0.06408598503851577,112.62966073691409
1.4782313389315738,0.06414581550761854,112.62962492637038
1.478230162990809,0.0642056455251363,112.62958911636711
1.4782289870589198,0.06426547509107246,112.62955330690458
1.4782278111359064,0.06432530420543041,112.62951749798249
1.4782266352217686,0.06438513286821358,112.62948168960094
1.478225459316506,0.06444496107942538,112.62944588176
1.4782242834201191,0.0645047888390692,112.62941007445956
1.4782231075326075,0.06456461614714845,112.62937426769969
1.478221931653971,0.06462444300366656,112.62933846148024
1.47822075578421,0.06468426940862693,112.62930265580145
1.478219579923324,0.06474409536203296,112.62926685066304
1.4782184040713133,0.06480392086388806,112.62923104606514
1.4782172282281774,0.06486374591419564,112.62919524200777
1.4782160523939165,0.0649235705129591,112.62915943849079
1.4782148765685306,0.06498339466018187,112.6291236355144
1.4782137007520195,0.06504321835586734,112.62908783307839
1.4782125249443832,0.06510304160001891,112.62905203118288
1.4782113491456215,0.06516286439264,112.6290162298278
1.4782101733557345,0.06522268673373403,112.62898042901317
1.4782089975747221,0.0652825086233044,112.6289446287389
1.4782078218025843,0.06534233006135451,112.6289088290051
1.4782066460393206,0.06540215104788777,112.62887302981179
1.4782054702849314,0.06546197158290759,112.62883723115873
1.4782042945394165,0.06552179166641738,112.62880143304614
1.4782031188027758,0.06558161129842054,112.62876563547397
1.4782019430750093,0.06564143047892049,112.62872983844208
1.4782007673561168,0.06570124920792063,112.62869404195065
1.4781995916460984,0.06576106748542437,112.62865824599959
1.478198415944954,0.06582088531143512,112.62862245058888
1.4781972402526833,0.06588070268595629,112.62858665571854
1.4781960645692866,0.06594051960899128,112.62855086138842
1.4781948888947638,0.0660003360805435,112.62851506759874
1.4781937132291145,0.06606015210061635,112.62847927434923
1.4781925375723388,0.06611996766921324,112.62844348164022
1.4781913619244367,0.0661797827863376,112.62840768947147
1.478190186285408,0.06623959745199282,112.62837189784304
1.4781890106552529,0.0662994116661823,112.62833610675482
1.478187835033971,0.06635922542890947,112.62830031620695
1.4781866594215625,0.06641903874017771,112.62826452619935
1.478185483818027,0.06647885159999045,112.62822873673194
1.4781843082233648,0.06653866400835108,112.62819294780488
1.4781831326375758,0.06659847596526303,112.62815715941797
1.4781819570606598,0.06665828747072969,112.6281213715714
1.4781807814926167,0.06671809852475447,112.62808558426495
1.4781796059334464,0.06677790912734077,112.62804979749882
1.478178430383149,0.06683771927849201,112.6280140112729
1.4781772548417242,0.06689752897821159,112.62797822558713
1.4781760793091723,0.06695733822650293,112.62794244044164
1.478174903785493,0.06701714702336943,112.62790665583628
1.4781737282706862,0.06707695536881449,112.6278708717712
1.4781725527647518,0.06713676326284151,112.62783508824619
1.4781713772676899,0.06719657070545393,112.62779930526132
1.4781702017795004,0.06725637769665513,112.6277635228167
1.478169026300183,0.06731618423644851,112.62772774091219
1.478167850829738,0.0673759903248375,112.62769195954783
1.478166675368165,0.0674357959618255,112.6276561787236
1.478165499915464,0.06749560114741592,112.62762039843956
1.4781643244716354,0.06755540588161214,112.62758461869556
1.4781631490366784,0.0676152101644176,112.62754883949167
1.4781619736105935,0.0676750139958357,112.62751306082794
1.4781607981933802,0.06773481737586984,112.62747728270433
1.4781596227850389,0.06779462030452343,112.62744150512066
1.4781584473855691,0.06785442278179989,112.62740572807725
1.478157271994971,0.0679142248077026,112.62736995157374
1.4781560966132443,0.06797402638223497,112.62733417561041
1.4781549212403893,0.06803382750540043,112.62729840018704
1.4781537458764056,0.06809362817720238,112.62726262530379
1.4781525705212932,0.06815342839764421,112.62722685096055
1.4781513951750522,0.06821322816672934,112.62719107715736
1.4781502198376824,0.06827302748446118,112.6271553038941
1.4781490445091836,0.06833282635084312,112.62711953117099
1.478147869189556,0.06839262476587858,112.62708375898775
1.4781466938787993,0.06845242272957097,112.62704798734455
1.4781455185769137,0.06851222024192369,112.62701221624144
1.4781443432838988,0.06857201730294014,112.6269764456783
1.4781431679997548,0.06863181391262374,112.62694067565506
1.4781419927244817,0.06869161007097789,112.62690490617169
1.478140817458079,0.068751405778006,112.62686913722838
1.478139642200547,0.06881120103371147,112.62683336882509
1.4781384669518856,0.0688709958380977,112.62679760096165
1.4781372917120945,0.06893079019116813,112.62676183363816
1.478136116481174,0.06899058409292613,112.62672606685452
1.4781349412591238,0.06905037754337512,112.62669030061093
1.478133766045944,0.0691101705425185,112.62665453490717
1.4781325908416343,0.06916996309035969,112.62661876974335
1.4781314156461947,0.06922975518690208,112.62658300511939
1.4781302404596253,0.0692895468321491,112.6265472410353
1.4781290652819257,0.06934933802610412,112.62651147749108
1.478127890113096,0.06940912876877058,112.62647571448672
1.4781267149531363,0.06946891906015186,112.62643995202227
1.4781255398020463,0.06952870890025138,112.62640419009766
1.4781243646598263,0.06958849828907256,112.62636842871288
1.4781231895264757,0.06964828722661878,112.62633266786794
1.4781220144019949,0.06970807571289347,112.62629690756276
1.4781208392863836,0.06976786374790002,112.62626114779741
1.4781196641796417,0.06982765133164184,112.62622538857191
1.4781184890817693,0.06988743846412233,112.6261896298862
1.4781173139927661,0.0699472251453449,112.62615387174024
1.4781161389126323,0.07000701137531297,112.62611811413417
1.4781149638413678,0.07006679715402993,112.62608235706783
1.4781137887789721,0.07012658248149918,112.62604660054127
1.4781126137254457,0.07018636735772414,112.6260108445544
1.4781114386807883,0.07024615178270822,112.6259750891074
1.4781102636449996,0.07030593575645482,112.62593933420008
1.47810908861808,0.07036571927896733,112.62590357983237
1.4781079136000292,0.07042550235024918,112.62586782600457
1.478106738590847,0.07048528497030376,112.62583207271643
1.4781055635905336,0.07054506713913448,112.62579631996803
1.4781043885990888,0.07060484885674476,112.6257605677593
1.4781032136165124,0.07066463012313798,112.62572481609023
1.4781020386428048,0.07072441093831756,112.62568906496087
1.4781008636779653,0.0707841913022869,112.62565331437125
1.4780996887219942,0.07084397121504941,112.62561756432132
1.4780985137748912,0.07090375067660849,112.6255818148109
1.4780973388366567,0.07096352968696756,112.62554606584024
1.4780961639072903,0.07102330824613001,112.62551031740921
1.4780949889867918,0.07108308635409925,112.62547456951779
1.4780938140751614,0.07114286401087869,112.625438822166
1.4780926391723987,0.07120264121647173,112.62540307535392
1.4780914642785041,0.07126241797088177,112.62536732908134
1.4780902893934773,0.07132219427411224,112.62533158334847
1.478089114517318,0.07138197012616652,112.62529583815511
1.4780879396500266,0.07144174552704803,112.62526009350137
1.4780867647916027,0.07150152047676016,112.6252243493871
1.4780855899420464,0.07156129497530633,112.6251886058126
1.4780844151013577,0.07162106902268994,112.62515286277758
1.4780832402695363,0.0716808426189144,112.62511712028207
1.478082065446582,0.0717406157639831,112.62508137832616
1.4780808906324951,0.07180038845789946,112.62504563690989
1.4780797158272754,0.07186016070066688,112.62500989603292
1.478078541030923,0.07191993249228876,112.62497415569558
1.4780773662434374,0.07197970383276851,112.6249384158978
1.4780761914648188,0.07203947472210954,112.62490267663948
1.4780750166950674,0.07209924516031525,112.62486693792067
1.4780738419341826,0.07215901514738905,112.62483119974138
1.4780726671821647,0.07221878468333434,112.62479546210163
1.4780714924390135,0.07227855376815452,112.62475972500128
1.478070317704729,0.072338322401853,112.62472398844037
1.4780691429793111,0.0723980905844332,112.62468825241896
1.4780679682627598,0.0724578583158985,112.62465251693702
1.4780667935550746,0.07251762559625231,112.6246167819944
1.4780656188562562,0.07257739242549806,112.62458104759135
1.4780644441663038,0.07263715880363912,112.62454531372767
1.4780632694852178,0.07269692473067892,112.62450958040341
1.478062094812998,0.07275669020662084,112.62447384761856
1.4780609201496444,0.07281645523146832,112.62443811537315
1.4780597454951567,0.07287621980522474,112.62440238366706
1.478058570849535,0.07293598392789351,112.6243666525004
1.4780573962127794,0.07299574759947804,112.62433092187322
1.4780562215848896,0.07305551081998171,112.6242951917853
1.4780550469658655,0.07311527358940795,112.6242594622367
1.4780538723557073,0.07317503590776016,112.6242237332275
1.4780526977544146,0.07323479777504174,112.62418800475761
1.4780515231619875,0.0732945591912561,112.62415227682712
1.478050348578426,0.07335432015640665,112.62411654943588
1.4780491740037298,0.07341408067049678,112.62408082258402
1.478047999437899,0.07347384073352989,112.62404509627152
1.4780468248809338,0.0735336003455094,112.62400937049824
1.4780456503328336,0.07359335950643872,112.62397364526429
1.4780444757935987,0.07365311821632124,112.6239379205696
1.4780433012632288,0.07371287647516037,112.62390219641424
1.478042126741724,0.0737726342829595,112.62386647279806
1.4780409522290843,0.07383239163972206,112.62383074972128
1.4780397777253094,0.07389214854545144,112.62379502718366
1.4780386032303992,0.07395190500015104,112.62375930518527
1.4780374287443538,0.07401166100382428,112.62372358372617
1.4780362542671734,0.07407141655647455,112.6236878628063
1.4780350797988575,0.07413117165810526,112.6236521424256
1.4780339053394063,0.07419092630871982,112.62361642258418
1.4780327308888195,0.07425068050832162,112.62358070328193
1.4780315564470972,0.07431043425691407,112.62354498451889
1.4780303820142393,0.07437018755450057,112.62350926629499
1.4780292075902457,0.07442994040108454,112.62347354861038
1.4780280331751163,0.07448969279666937,112.62343783146481
1.4780268587688512,0.07454944474125846,112.62340211485852
1.47802568437145,0.07460919623485522,112.62336639879132
1.478024509982913,0.07466894727746307,112.6233306832633
1.47802333560324,0.07472869786908538,112.62329496827441
1.478022161232431,0.07478844800972559,112.62325925382467
1.4780209868704857,0.07484819769938708,112.62322353991404
1.4780198125174042,0.07490794693807326,112.62318782654256
1.4780186381731866,0.07496769572578754,112.62315211371019
1.4780174638378323,0.07502744406253331,112.62311640141685
1.4780162895113418,0.07508719194831398,112.62308068966266
1.4780151151937149,0.07514693938313297,112.62304497844757
1.4780139408849513,0.07520668636699365,112.62300926777152
1.478012766585051,0.07526643289989945,112.62297355763451
1.4780115922940142,0.07532617898185377,112.62293784803654
1.4780104180118405,0.07538592461286002,112.62290213897772
1.4780092437385302,0.07544566979292158,112.62286643045792
1.4780080694740827,0.07550541452204187,112.62283072247706
1.4780068952184984,0.0755651588002243,112.62279501503535
1.478005720971777,0.07562490262747226,112.62275930813259
1.4780045467339187,0.07568464600378917,112.62272360176881
1.478003372504923,0.07574438892917841,112.62268789594405
1.4780021982847904,0.0758041314036434,112.62265219065837
1.4780010240735204,0.07586387342718753,112.62261648591166
1.477999849871113,0.07592361499981422,112.62258078170386
1.4779986756775683,0.07598335612152686,112.62254507803507
1.477997501492886,0.07604309679232886,112.62250937490523
1.477996327317066,0.07610283701222363,112.6224736723143
1.4779951531501083,0.07616257678121456,112.62243797026241
1.4779939789920131,0.07622231609930506,112.6224022687494
1.4779928048427802,0.07628205496649854,112.62236656777536
1.4779916307024095,0.0763417933827984,112.62233086734021
1.4779904565709008,0.07640153134820803,112.62229516744394
1.4779892824482541,0.07646126886273084,112.62225946808661
1.4779881083344695,0.07652100592637025,112.6222237692682
1.4779869342295469,0.07658074253912964,112.62218807098868
1.4779857601334858,0.07664047870101241,112.62215237324799
1.4779845860462868,0.07670021441202199,112.6221166760462
1.4779834119679494,0.07675994967216176,112.62208097938331
1.4779822378984735,0.07681968448143514,112.62204528325923
1.4779810638378594,0.07687941883984552,112.622009587674
1.4779798897861067,0.07693915274739631,112.62197389262766
1.4779787157432154,0.0769988862040909,112.62193819812008
1.4779775417091856,0.0770586192099327,112.62190250415141
1.477976367684017,0.07711835176492512,112.62186681072153
1.4779751936677097,0.07717808386907157,112.62183111783037
1.4779740196602635,0.07723781552237544,112.62179542547808
1.4779728456616785,0.07729754672484013,112.62175973366456
1.4779716716719546,0.07735727747646905,112.62172404238977
1.4779704976910917,0.0774170077772656,112.62168835165389
1.4779693237190894,0.07747673762723317,112.62165266145666
1.477968149755948,0.07753646702637519,112.62161697179823
1.4779669758016676,0.07759619597469505,112.62158128267856
1.4779658018562478,0.07765592447219616,112.62154559409765
1.4779646279196885,0.0777156525188819,112.62150990605546
1.47796345399199,0.0777753801147557,112.621474218552
1.4779622800731518,0.07783510725982093,112.62143853158724
1.477961106163174,0.07789483395408102,112.62140284516114
1.477959932262057,0.07795456019753937,112.62136715927385
1.4779587583698,0.07801428599019937,112.62133147392515
1.4779575844864032,0.07807401133206443,112.62129578911527
1.4779564106118668,0.07813373622313795,112.62126010484403
1.4779552367461903,0.07819346066342334,112.62122442111135
1.4779540628893737,0.07825318465292398,112.62118873791738
1.4779528890414173,0.0783129081916433,112.62115305526211
1.4779517152023207,0.07837263127958469,112.62111737314544
1.4779505413720841,0.07843235391675156,112.62108169156741
1.4779493675507072,0.0784920761031473,112.62104601052798
1.47794819373819,0.07855179783877532,112.62101033002726
1.4779470199345324,0.07861151912363902,112.62097465006512
1.4779458461397341,0.0786712399577418,112.62093897064156
1.4779446723537957,0.07873096034108708,112.62090329175663
1.4779434985767166,0.07879068027367823,112.62086761341028
1.4779423248084969,0.07885039975551868,112.62083193560247
1.4779411510491363,0.07891011878661182,112.62079625833321
1.477939977298635,0.07896983736696105,112.62076058160264
1.4779388035569931,0.07902955549656977,112.62072490541048
1.4779376298242102,0.0790892731754414,112.62068922975695
1.4779364561002863,0.07914899040357933,112.62065355464198
1.4779352823852214,0.07920870718098695,112.62061788006545
1.4779341086790154,0.07926842350766768,112.62058220602752
1.4779329349816681,0.07932813938362492,112.62054653252804
1.4779317612931797,0.07938785480886205,112.62051085956715
1.47793058761355,0.07944756978338251,112.62047518714469
1.4779294139427788,0.07950728430718967,112.62043951526073
1.4779282402808662,0.07956699838028695,112.6204038439153
1.4779270666278121,0.07962671200267775,112.62036817310826
1.4779258929836165,0.07968642517436546,112.62033250283983
1.4779247193482794,0.0797461378953535,112.62029683310965
1.4779235457218003,0.07980585016564525,112.62026116391813
1.4779223721041796,0.07986556198524412,112.62022549526488
1.477921198495417,0.07992527335415353,112.62018982715016
1.4779200248955127,0.07998498427237685,112.6201541595739
1.4779188513044663,0.0800446947399175,112.62011849253598
1.4779176777222778,0.08010440475677888,112.62008282603652
1.477916504148947,0.0801641143229644,112.62004716007542
1.4779153305844743,0.08022382343847745,112.62001149465273
1.4779141570288594,0.08028353210332143,112.61997582976834
1.477912983482102,0.08034324031749975,112.61994016542252
1.4779118099442023,0.0804029480810158,112.61990450161494
1.4779106364151604,0.08046265539387298,112.6198688383457
1.4779094628949758,0.08052236225607472,112.61983317561484
1.4779082893836486,0.08058206866762439,112.61979751342233
1.4779071158811787,0.08064177462852541,112.61976185176822
1.4779059423875662,0.08070148013878117,112.61972619065233
1.477904768902811,0.08076118519839508,112.61969053007486
1.4779035954269129,0.08082088980737052,112.61965487003562
1.477902421959872,0.08088059396571093,112.6196192105347
1.477901248501688,0.08094029767341968,112.61958355157206
1.477900075052361,0.08100000093050018,112.6195478931478
1.4778989016118909,0.08105970373695584,112.6195122352617
1.4778977281802774,0.08111940609279004,112.61947657791394
1.477896554757521,0.0811791079980062,112.61944092110447
1.477895381343621,0.08123880945260772,112.61940526483316
1.4778942079385777,0.081298510456598,112.61936960910023
1.477893034542391,0.08135821100998043,112.61933395390544
1.4778918611550609,0.08141791111275842,112.61929829924892
1.4778906877765872,0.08147761076493537,112.61926264513056
1.47788951440697,0.08153730996651469,112.61922699155046
1.4778883410462087,0.08159700871749977,112.61919133850857
1.477887167694304,0.081656707017894,112.61915568600485
1.4778859943512552,0.0817164048677008,112.61912003403944
1.4778848210170625,0.08177610226692357,112.61908438261207
1.4778836476917259,0.0818357992155657,112.61904873172293
1.4778824743752452,0.0818954957136306,112.6190130813719
1.4778813010676206,0.08195519176112166,112.61897743155907
1.4778801277688516,0.0820148873580423,112.61894178228444
1.4778789544789384,0.08207458250439591,112.61890613354784
1.477877781197881,0.08213427720018589,112.61887048534943
1.477876607925679,0.08219397144541563,112.6188348376892
1.4778754346623328,0.08225366524008854,112.61879919056702
1.4778742614078422,0.08231335858420802,112.61876354398301
1.4778730881622069,0.08237305147777747,112.61872789793696
1.4778719149254267,0.0824327439208003,112.61869225242914
1.4778707416975019,0.0824924359132799,112.61865660745933
1.4778695684784324,0.08255212745521968,112.61862096302768
1.4778683952682181,0.08261181854662304,112.61858531913406
1.4778672220668587,0.08267150918749337,112.61854967577848
1.4778660488743545,0.08273119937783407,112.61851403296089
1.4778648756907053,0.08279088911764856,112.61847839068146
1.477863702515911,0.08285057840694023,112.61844274893998
1.4778625293499714,0.08291026724571246,112.61840710773653
1.4778613561928866,0.08296995563396867,112.61837146707114
1.4778601830446565,0.08302964357171226,112.61833582694376
1.477859009905281,0.08308933105894663,112.61830018735442
1.4778578367747601,0.08314901809567518,112.61826454830297
1.4778566636530934,0.08320870468190131,112.61822890978964
1.4778554905402814,0.08326839081762841,112.61819327181419
1.4778543174363237,0.0833280765028599,112.61815763437674
1.4778531443412202,0.08338776173759915,112.61812199747723
1.4778519712549711,0.0834474465218496,112.61808636111572
1.4778507981775761,0.08350713085561463,112.61805072529218
1.4778496251090352,0.08356681473889764,112.61801509000652
1.4778484520493482,0.08362649817170202,112.6179794552587
1.4778472789985153,0.08368618115403119,112.61794382104895
1.4778461059565362,0.08374586368588853,112.61790818737704
1.477844932923411,0.08380554576727746,112.61787255424306
1.4778437598991394,0.08386522739820138,112.617836921647
1.4778425868837215,0.08392490857866367,112.61780128958875
1.4778414138771574,0.08398458930866774,112.61776565806844
1.4778402408794467,0.084044269588217,112.61773002708607
1.4778390678905895,0.08410394941731483,112.61769439664145
1.4778378949105857,0.08416362879596465,112.61765876673486
1.4778367219394353,0.08422330772416985,112.61762313736587
1.4778355489771382,0.08428298620193382,112.61758750853488
1.4778343760236943,0.08434266422925997,112.61755188024165
1.4778332030791037,0.0844023418061517,112.61751625248631
1.477832030143366,0.08446201893261242,112.61748062526873
1.4778308572164813,0.0845216956086455,112.61744499858905
1.4778296842984497,0.08458137183425438,112.61740937244704
1.4778285113892708,0.08464104760944242,112.6173737468429
1.4778273384889449,0.08470072293421305,112.61733812177648
1.4778261655974716,0.08476039780856966,112.61730249724789
1.477824992714851,0.08482007223251564,112.61726687325704
1.4778238198410831,0.0848797462060544,112.61723124980402
1.4778226469761677,0.08493941972918934,112.61719562688867
1.4778214741201048,0.08499909280192385,112.61716000451109
1.4778203012728943,0.08505876542426133,112.6171243826713
1.4778191284345361,0.08511843759620519,112.61708876136917
1.4778179556050302,0.08517810931775882,112.61705314060481
1.4778167827843767,0.08523778058892563,112.6170175203781
1.4778156099725752,0.08529745140970901,112.61698190068905
1.4778144371696258,0.08535712178011237,112.61694628153776
1.4778132643755284,0.0854167917001391,112.61691066292425
1.4778120915902828,0.08547646116979261,112.61687504484826
1.4778109188138893,0.08553613018907628,112.6168394273101
1.4778097460463475,0.08559579875799353,112.61680381030945
1.4778085732876576,0.08565546687654775,112.6167681938465
1.4778074005378192,0.08571513454474233,112.6167325779212
1.4778062277968325,0.08577480176258068,112.61669696253358
1.4778050550646973,0.0858344685300662,112.61666134768356
1.4778038823414137,0.08589413484720228,112.61662573337121
1.4778027096269815,0.08595380071399232,112.61659011959641
1.4778015369214006,0.08601346613043973,112.6165545063592
1.4778003642246709,0.0860731310965479,112.61651889365963
1.4777991915367925,0.08613279561232025,112.61648328149764
1.4777980188577653,0.08619245967776015,112.61644766987321
1.477796846187589,0.086252123292871,112.6164120587864
1.4777956735262638,0.08631178645765622,112.61637644823709
1.4777945008737896,0.0863714491721192,112.61634083822536
1.4777933282301663,0.08643111143626334,112.6163052287512
1.4777921555953937,0.08649077325009202,112.61626961981459
1.477790982969472,0.08655043461360867,112.61623401141541
1.4777898103524008,0.08661009552681667,112.61619840355392
1.4777886377441802,0.08666975598971942,112.61616279622986
1.4777874651448104,0.08672941600232033,112.61612718944325
1.4777862925542908,0.08678907556462279,112.61609158319426
1.4777851199726217,0.0868487346766302,112.61605597748266
1.477783947399803,0.08690839333834595,112.61602037230855
1.4777827748358345,0.08696805154977345,112.615984767672
1.4777816022807164,0.0870277093109161,112.61594916357289
1.4777804297344483,0.08708736662177728,112.61591356001121
1.4777792571970303,0.0871470234823604,112.61587795698692
1.4777780846684623,0.08720667989266888,112.6158423545002
1.4777769121487443,0.08726633585270609,112.61580675255081
1.4777757396378761,0.08732599136247543,112.61577115113893
1.4777745671358578,0.08738564642198031,112.61573555026436
1.4777733946426892,0.08744530103122412,112.61569994992723
1.4777722221583702,0.08750495519021027,112.61566435012759
1.4777710496829009,0.08756460889894216,112.61562875086521
1.477769877216281,0.08762426215742317,112.61559315214039
1.4777687047585106,0.08768391496565671,112.61555755395291
1.4777675323095898,0.08774356732364617,112.61552195630266
1.4777663598695183,0.08780321923139497,112.61548635918989
1.477765187438296,0.0878628706889065,112.61545076261444
1.4777640150159228,0.08792252169618414,112.61541516657638
1.4777628426023988,0.0879821722532313,112.61537957107562
1.4777616701977239,0.08804182236005137,112.61534397611214
1.477760497801898,0.08810147201664777,112.61530838168608
1.4777593254149213,0.08816112122302387,112.61527278779724
1.4777581530367934,0.0882207699791831,112.6152371944458
1.4777569806675142,0.08828041828512884,112.6152016016316
1.4777558083070836,0.08834006614086448,112.61516600935465
1.4777546359555018,0.08839971354639344,112.61513041761508
1.4777534636127685,0.08845936050171908,112.61509482641266
1.4777522912788839,0.08851900700684484,112.61505923574761
1.4777511189538477,0.08857865306177409,112.61502364561977
1.47774994663766,0.08863829866651025,112.61498805602919
1.4777487743303206,0.08869794382105671,112.61495246697582
1.4777476020318294,0.08875758852541686,112.6149168784597
1.4777464297421865,0.08881723277959411,112.61488129048082
1.4777452574613916,0.08887687658359184,112.61484570303922
1.4777440851894448,0.08893651993741346,112.61481011613473
